Name,Family Name,Years Python,Use Case Python,Neural Network,Python Skill,Tokenisation,Regression,Neural Work,NLP,Tokenisation Method,Timestamp
john,PYTHON,28,de,"Yes, I am familiar with neural networks. I understand their fundamental principles, including layers, weights, activation functions, loss functions, and backpropagation. I have practical experience using neural networks for tasks such as classification and prediction, and I am comfortable working with common architectures like feedforward networks, convolutional neural networks (CNNs), and recurrent neural networks (RNNs).","I would rate my Python skills at 17/20. I am very comfortable with Python for data analysis, scripting, automation, and machine learning. I regularly use libraries such as Pandas, NumPy, Scikit-learn, and PyTorch or TensorFlow. I also follow good coding practices, including clean code structure, documentation, and testing.","Tokenisation is the process of transforming raw text into smaller units called tokens, which can be words, subwords, or characters. These tokens are used as the basic input for natural language processing models. Tokenisation is a crucial preprocessing step because it directly impacts how text is represented numerically and how effectively a model can understand and learn from language data.","Regression refers to a family of statistical and machine learning methods used to model the relationship between input variables and a continuous output variable. The goal of regression is to predict numerical values, such as prices, probabilities, or trends, by learning patterns and dependencies in the data. Common examples include linear regression and more advanced non-linear regression models.","Yes, I work with neural networks. My work includes designing, training, and evaluating models for tasks such as classification, prediction, and text analysis. I am involved in data preprocessing, model architecture selection, hyperparameter tuning, and performance evaluation. I also focus on ensuring that models are efficient, interpretable when possible, and suitable for deployment in real-world applications.","Natural Language Processing (NLP) is a field of artificial intelligence that focuses on enabling machines to understand, interpret, and generate human language. It combines linguistics, computer science, and machine learning to process text or speech data. NLP is used in applications such as text classification, sentiment analysis, information extraction, translation, and conversational systems.","Yes, I have used several tokenisation methods depending on the task and model. These include word-level tokenisation, subword tokenisation methods such as Byte-Pair Encoding (BPE) and WordPiece, and character-level tokenisation. Subword tokenisation is particularly useful for handling rare words and reducing vocabulary size, especially in modern transformer-based models.",2026-02-02T12:20:39.412386
john2,PYTHON,91,de,"Yes, I am familiar with neural networks. I understand their fundamental principles, including layers, weights, activation functions, loss functions, and backpropagation. I have practical experience using neural networks for tasks such as classification and prediction, and I am comfortable working with common architectures like feedforward networks, convolutional neural networks (CNNs), and recurrent neural networks (RNNs).","I would rate my Python skills at 17/20. I am very comfortable with Python for data analysis, scripting, automation, and machine learning. I regularly use libraries such as Pandas, NumPy, Scikit-learn, and PyTorch or TensorFlow. I also follow good coding practices, including clean code structure, documentation, and testing.  creation de softfare","Tokenisation is the process of transforming raw text into smaller units called tokens, which can be words, subwords, or characters. These tokens are used as the basic input for natural language processing models. Tokenisation is a crucial preprocessing step because it directly impacts how text is represented numerically and how effectively a model can understand and learn from language data.","Regression refers to a family of statistical and machine learning methods used to model the relationship between input variables and a continuous output variable. The goal of regression is to predict numerical values, such as prices, probabilities, or trends, by learning patterns and dependencies in the data. Common examples include linear regression and more advanced non-linear regression models.","Yes, I work with neural networks. My work includes designing, training, and evaluating models for tasks such as classification, prediction, and text analysis. I am involved in data preprocessing, model architecture selection, hyperparameter tuning, and performance evaluation. I also focus on ensuring that models are efficient, interpretable when possible, and suitable for deployment in real-world applications.","Natural Language Processing (NLP) is a field of artificial intelligence that focuses on enabling machines to understand, interpret, and generate human language. It combines linguistics, computer science, and machine learning to process text or speech data. NLP is used in applications such as text classification, sentiment analysis, information extraction, translation, and conversational systems.","Yes, I have used several tokenisation methods depending on the task and model. These include word-level tokenisation, subword tokenisation methods such as Byte-Pair Encoding (BPE) and WordPiece, and character-level tokenisation. Subword tokenisation is particularly useful for handling rare words and reducing vocabulary size, especially in modern transformer-based models.",2026-02-02T12:24:20.735020
john3,PYTHON,91,API development and integration,"Yes, I am familiar with neural networks. I understand their fundamental principles, including layers, weights, activation functions, loss functions, and backpropagation. I have practical experience using neural networks for tasks such as classification and prediction, and I am comfortable working with common architectures like feedforward networks, convolutional neural networks (CNNs), and recurrent neural networks (RNNs).","I would rate my Python skills at 17/20. I am very comfortable with Python for data analysis, scripting, automation, and machine learning. I regularly use libraries such as Pandas, NumPy, Scikit-learn, and PyTorch or TensorFlow. I also follow good coding practices, including clean code structure, documentation, and testing.  creation de softfare","Tokenisation is the process of transforming raw text into smaller units called tokens, which can be words, subwords, or characters. These tokens are used as the basic input for natural language processing models. Tokenisation is a crucial preprocessing step because it directly impacts how text is represented numerically and how effectively a model can understand and learn from language data.","Regression refers to a family of statistical and machine learning methods used to model the relationship between input variables and a continuous output variable. The goal of regression is to predict numerical values, such as prices, probabilities, or trends, by learning patterns and dependencies in the data. Common examples include linear regression and more advanced non-linear regression models.","Yes, I work with neural networks. My work includes designing, training, and evaluating models for tasks such as classification, prediction, and text analysis. I am involved in data preprocessing, model architecture selection, hyperparameter tuning, and performance evaluation. I also focus on ensuring that models are efficient, interpretable when possible, and suitable for deployment in real-world applications.","Natural Language Processing (NLP) is a field of artificial intelligence that focuses on enabling machines to understand, interpret, and generate human language. It combines linguistics, computer science, and machine learning to process text or speech data. NLP is used in applications such as text classification, sentiment analysis, information extraction, translation, and conversational systems.","Yes, I have used several tokenisation methods depending on the task and model. These include word-level tokenisation, subword tokenisation methods such as Byte-Pair Encoding (BPE) and WordPiece, and character-level tokenisation. Subword tokenisation is particularly useful for handling rare words and reducing vocabulary size, especially in modern transformer-based models.",2026-02-02T12:25:50.656346
jean,python,91,development d'api et intégration,"Oui, je suis familier avec les réseaux de neurones. J’en comprends les principes fondamentaux, notamment les couches, les poids, les fonctions d’activation, la fonction de perte et la rétropropagation du gradient. J’ai également une expérience pratique avec différents types d’architectures, comme les réseaux de neurones entièrement connectés, les réseaux convolutifs (CNN) et les réseaux récurrents (RNN).","J’évalue mon niveau en Python à 17/20. J’utilise Python régulièrement pour l’analyse de données, l’automatisation, et le développement de modèles de machine learning. Je maîtrise les bibliothèques courantes telles que Pandas, NumPy, Scikit-learn ainsi que des frameworks de deep learning comme PyTorch ou TensorFlow. Je fais également attention à la qualité du code, à sa lisibilité et à sa maintenabilité.","La tokenisation est une étape de prétraitement du texte qui consiste à découper un texte brut en unités plus petites appelées tokens. Ces tokens peuvent être des mots, des sous-mots ou des caractères. La tokenisation est essentielle en traitement automatique du langage naturel, car elle permet de transformer le texte en une représentation exploitable par les modèles de machine learning.","La régression désigne un ensemble de méthodes statistiques et de machine learning dont l’objectif est de modéliser la relation entre des variables explicatives et une variable cible continue. Elle est utilisée pour prédire des valeurs numériques, comme des prix, des durées ou des probabilités, en apprenant les relations présentes dans les données.","Oui, je travaille sur des réseaux de neurones. Mes activités incluent la préparation des données, la conception des architectures de modèles, l’entraînement et l’évaluation des performances. Je réalise également des ajustements d’hyperparamètres et je veille à la robustesse et à la capacité de généralisation des modèles, notamment en vue d’une utilisation en production.","Le Natural Language Processing (NLP), ou traitement automatique du langage naturel, est un domaine de l’intelligence artificielle qui vise à permettre aux machines de comprendre, analyser et générer le langage humain. Il combine des concepts de linguistique et de machine learning pour traiter des données textuelles ou vocales, et est utilisé dans des applications comme l’analyse de sentiments, la classification de textes, la traduction automatique ou les chatbots.","Oui, j’ai utilisé plusieurs méthodes de tokenisation en fonction des cas d’usage. Cela inclut la tokenisation au niveau des mots, ainsi que des méthodes de sous-mots comme le Byte-Pair Encoding (BPE) ou WordPiece. Ces approches permettent de mieux gérer les mots rares et de réduire la taille du vocabulaire, ce qui est particulièrement utile pour les modèles de type transformers.",2026-02-02T14:40:52.070929
marie,dupont,12,"Analyse de données, automatisation de rapports et développement de modèles prédictifs.","Oui, je suis à l’aise avec les réseaux de neurones et leurs mécanismes principaux, notamment l’apprentissage supervisé et non supervisé.","Je situe mon niveau Python à 16/20 grâce à une pratique régulière en data science et scripting.","La tokenisation consiste à découper un texte en unités exploitables par un algorithme.","La régression permet de prédire une valeur continue à partir de variables explicatives.","J’ai travaillé sur des réseaux de neurones simples pour la prédiction de séries temporelles.","Le NLP permet aux machines de comprendre et traiter le langage humain.","J’ai utilisé BPE et tokenisation par mots.",2026-02-02T14:41:01.120931
paul,moreau,8,"Développement d’outils internes et scripts d’automatisation.","Oui, je comprends les concepts clés comme les couches et la rétropropagation.","Je m’évalue à 15/20 en Python, avec une bonne maîtrise des bibliothèques standards.","La tokenisation est une étape clé pour transformer le texte en données numériques.","La régression sert à modéliser des relations numériques continues.","J’ai implémenté des réseaux feedforward pour des problèmes simples.","Le NLP est l’ensemble des techniques de traitement automatique du langage.","J’ai utilisé WordPiece.",2026-02-02T14:41:05.331204
lucas,bernard,5,"Scripting, nettoyage de données et visualisation.","J’ai des bases solides mais une expérience limitée en production.","Je me donne 13/20 en Python.","La tokenisation permet de découper le texte pour l’analyse.","La régression est utilisée pour prédire des valeurs réelles.","Je n’ai réalisé que des projets académiques.","Le NLP permet l’analyse sémantique des textes.","Tokenisation par mots.",2026-02-02T14:41:09.842110
sophie,legrand,15,"Conception de pipelines data et modèles de machine learning.","Oui, j’ai travaillé avec des CNN et des RNN.","Mon niveau Python est de 18/20.","La tokenisation transforme un texte en unités compréhensibles par les modèles.","La régression est un outil fondamental en prédiction numérique.","J’ai entraîné des modèles neuronaux pour la classification.","Le NLP vise à donner du sens aux données textuelles.","BPE et SentencePiece.",2026-02-02T14:41:14.119482
antoine,robin,3,"Automatisation de tâches et petits scripts.","Notions théoriques principalement.","Je m’évalue à 11/20 en Python.","La tokenisation découpe le texte en éléments.","La régression permet d’estimer une variable continue.","Aucune expérience professionnelle.","Le NLP est le traitement automatique des langues.","Tokenisation simple.",2026-02-02T14:41:18.502144
julie,perrin,9,"Développement d’applications data-driven.","Oui, je maîtrise les bases et certaines architectures.","Mon niveau Python est de 16/20.","La tokenisation est essentielle pour préparer les textes.","La régression prédit des valeurs numériques.","J’ai utilisé des réseaux neuronaux pour l’analyse de données.","Le NLP analyse et génère du texte.","WordPiece et BPE.",2026-02-02T14:41:23.993821
nicolas,faure,20,"Systèmes de prédiction et data engineering.","Oui, expertise avancée.","Je me note 19/20 en Python.","La tokenisation structure le langage pour l’apprentissage.","La régression est centrale en modélisation statistique.","J’ai conçu et déployé des réseaux neuronaux.","Le NLP combine linguistique et machine learning.","SentencePiece.",2026-02-02T14:41:28.664902
camille,gauthier,6,"Analyse exploratoire et machine learning.","Bonne compréhension des réseaux neuronaux.","Je me situe à 14/20.","La tokenisation prépare les textes à l’analyse.","La régression sert à prédire des résultats continus.","Projets ML avec réseaux simples.","Le NLP permet l’analyse de textes.","Tokenisation par mots.",2026-02-02T14:41:33.332187
thomas,henry,11,"Développement backend et data.","Oui, expérience pratique.","Mon niveau Python est de 17/20.","La tokenisation est une phase de prétraitement.","La régression modélise des relations continues.","Réseaux neuronaux pour scoring.","Le NLP traite le langage naturel.","BPE.",2026-02-02T14:41:37.901332
claire,martin,4,"Scripts et analyses ponctuelles.","Connaissances de base.","Je m’évalue à 12/20.","La tokenisation découpe les phrases.","La régression prédit des nombres.","Peu d’expérience NN.","Le NLP permet l’exploitation du texte.","Tokenisation simple.",2026-02-02T14:41:42.488220
julien,rousseau,13,"Modélisation et déploiement ML.","Oui, bonne expertise.","Je me donne 18/20 en Python.","La tokenisation segmente le texte.","La régression est utilisée pour prédire des tendances.","Travail sur modèles neuronaux en production.","Le NLP automatise l’analyse linguistique.","SentencePiece et BPE.",2026-02-02T14:41:47.130991
laura,lopez,7,"Data analysis et automatisation.","Familiarité intermédiaire.","Je m’évalue à 15/20.","La tokenisation prépare le texte.","La régression relie variables et valeurs.","Utilisation de réseaux simples.","Le NLP structure le langage.","WordPiece.",2026-02-02T14:41:51.772009
maxime,collin,10,"Applications ML et API.","Oui, solide expérience.","Mon niveau Python est de 17/20.","La tokenisation segmente le texte.","La régression modélise des sorties continues.","Conception de réseaux neuronaux.","Le NLP traite textes et discours.","BPE.",2026-02-02T14:41:56.499301
amelie,gerard,2,"Automatisation basique.","Notions théoriques.","Je me situe à 10/20.","La tokenisation divise le texte.","La régression prédit une valeur.","Aucune pratique NN.","Le NLP est l’analyse du langage.","Tokenisation simple.",2026-02-02T14:42:01.183992
sebastien,bonnet,18,"Architecture data et ML.","Oui, expert.","Je m’évalue à 19/20.","La tokenisation est essentielle en NLP.","La régression est un outil clé.","Réseaux neuronaux complexes.","Le NLP permet compréhension du langage.","SentencePiece.",2026-02-02T14:42:05.933210
alex,morel,6,"Développement de scripts d’analyse et automatisation de processus.","Oui, je connais les principes généraux des réseaux de neurones et leur fonctionnement.","Je situe mon niveau Python à 14/20 grâce à une pratique régulière.","La tokenisation consiste à découper un texte en unités exploitables.","La régression permet de prédire une valeur numérique continue.","J’ai travaillé sur des réseaux simples pour des projets de classification.","Le NLP vise à analyser et comprendre le langage humain.","Tokenisation par mots et BPE.",2026-02-02T15:00:01
emma,dupuis,8,"Analyse de données et développement d’outils internes.","Je suis familier avec les architectures classiques comme les réseaux fully connected.","Je m’évalue à 15/20 en Python.","La tokenisation transforme le texte brut en tokens.","La régression modélise des relations entre variables.","Utilisation de réseaux neuronaux pour tests prédictifs.","Le NLP permet de traiter des textes automatiquement.","WordPiece.",2026-02-02T15:00:02
luc,perret,5,"Nettoyage de données et visualisation.","Connaissances intermédiaires en réseaux neuronaux.","Mon niveau Python est de 13/20.","La tokenisation prépare le texte pour le machine learning.","La régression sert à estimer des valeurs continues.","Projets académiques utilisant des NN.","Le NLP est le traitement automatique du langage.","Tokenisation simple.",2026-02-02T15:00:03
sarah,lambert,9,"Développement de modèles prédictifs.","Bonne compréhension des réseaux neuronaux.","Je me situe à 16/20 en Python.","La tokenisation découpe le texte en unités.","La régression est utilisée pour la prédiction numérique.","Réseaux neuronaux pour scoring.","Le NLP analyse le sens des textes.","BPE.",2026-02-02T15:00:04
julien,roche,7,"Création d’API et automatisation.","Oui, je maîtrise les bases des réseaux neuronaux.","Je m’évalue à 15/20.","La tokenisation est une étape clé du NLP.","La régression prédit des valeurs continues.","Travail sur réseaux simples.","Le NLP permet de comprendre le langage.","Word-level.",2026-02-02T15:00:05
marion,fischer,10,"Data science et reporting.","Expérience solide avec réseaux neuronaux.","Mon niveau Python est de 17/20.","La tokenisation segmente le texte.","La régression modélise des phénomènes numériques.","Utilisation de NN pour classification.","Le NLP structure les données textuelles.","SentencePiece.",2026-02-02T15:00:06
kevin,leclerc,4,"Scripts et automatisation.","Connaissances de base.","Je me situe à 12/20.","La tokenisation découpe les phrases.","La régression prédit des nombres.","Peu de pratique NN.","Le NLP analyse le texte.","Tokenisation simple.",2026-02-02T15:00:07
laura,navarro,11,"Pipelines data et ML.","Bonne maîtrise des réseaux neuronaux.","Je m’évalue à 17/20.","La tokenisation transforme le texte en tokens.","La régression sert à prévoir des valeurs.","Travail sur réseaux neuronaux en production.","Le NLP permet l’analyse linguistique.","BPE.",2026-02-02T15:00:08
thomas,girard,6,"Analyse exploratoire de données.","Compréhension correcte des NN.","Je me situe à 14/20.","La tokenisation est essentielle pour le NLP.","La régression modélise des relations continues.","NN utilisés pour tests.","Le NLP traite le langage humain.","WordPiece.",2026-02-02T15:00:09
ines,caron,8,"Développement de modèles ML.","Familiarité avec CNN et MLP.","Je m’évalue à 15/20.","La tokenisation segmente le texte.","La régression prédit des résultats numériques.","Projets NN appliqués.","Le NLP interprète le texte.","BPE.",2026-02-02T15:00:10
paul,renaud,7,"Automatisation et scripts backend.","Connaissances intermédiaires.","Je me situe à 14/20.","La tokenisation prépare les données textuelles.","La régression sert à estimer des valeurs.","Utilisation occasionnelle de NN.","Le NLP automatise l’analyse du langage.","Word-level.",2026-02-02T15:00:11
camille,bouchet,5,"Nettoyage et analyse de données.","Bases solides en NN.","Mon niveau Python est de 13/20.","La tokenisation découpe le texte.","La régression permet la prédiction continue.","Travaux académiques NN.","Le NLP est le traitement du langage.","Tokenisation simple.",2026-02-02T15:00:12
nicolas,gaudin,12,"Déploiement de solutions ML.","Bonne expertise NN.","Je m’évalue à 17/20.","La tokenisation segmente les phrases.","La régression modélise les tendances.","Réseaux neuronaux en production.","Le NLP permet l’extraction de sens.","SentencePiece.",2026-02-02T15:00:13
anais,lemoine,6,"Analyse et visualisation.","Connaissances intermédiaires.","Je me situe à 14/20.","La tokenisation prépare le texte.","La régression prédit des valeurs.","NN simples utilisés.","Le NLP analyse les textes.","WordPiece.",2026-02-02T15:00:14
florian,payet,9,"Machine learning appliqué.","Bonne maîtrise NN.","Je m’évalue à 16/20.","La tokenisation est une étape de base.","La régression sert à la prédiction.","Réseaux neuronaux pour ML.","Le NLP comprend le langage.","BPE.",2026-02-02T15:00:15
romane,vidal,4,"Scripts analytiques.","Bases NN.","Je me situe à 12/20.","La tokenisation découpe le texte.","La régression prédit un nombre.","Peu de pratique NN.","Le NLP traite le langage.","Tokenisation simple.",2026-02-02T15:00:16
quentin,marchal,10,"Développement ML et data.","Bonne expérience NN.","Je m’évalue à 16/20.","La tokenisation segmente le texte.","La régression modélise les valeurs.","Travail sur NN.","Le NLP permet analyse sémantique.","SentencePiece.",2026-02-02T15:00:17
julie,poulain,7,"Analyse de données.","Connaissances solides.","Je me situe à 15/20.","La tokenisation prépare le texte.","La régression prédit des valeurs continues.","NN utilisés en projets.","Le NLP est l’analyse du langage.","BPE.",2026-02-02T15:00:18
vincent,berger,11,"Architecture ML.","Bonne maîtrise NN.","Je m’évalue à 17/20.","La tokenisation structure le texte.","La régression modélise les données.","NN en production.","Le NLP comprend le langage humain.","SentencePiece.",2026-02-02T15:00:19
elise,faivre,6,"Reporting et analyse.","Connaissances intermédiaires.","Je me situe à 14/20.","La tokenisation découpe le texte.","La régression prédit des valeurs.","NN simples.","Le NLP traite le langage.","Word-level.",2026-02-02T15:00:20
mathieu,bernard,6,"Analyse de données et automatisation de tâches.","Bonne compréhension des réseaux neuronaux.","Je m’évalue à 14/20 en Python.","La tokenisation découpe le texte en unités exploitables.","La régression permet de prédire des valeurs numériques.","Utilisation de réseaux neuronaux pour projets ML.","Le NLP permet l’analyse automatique du langage.","Tokenisation par mots.",2026-02-02T15:01:01
claire,monnier,8,"Développement de scripts et pipelines data.","Connaissances solides en réseaux neuronaux.","Mon niveau Python est de 15/20.","La tokenisation segmente le texte brut.","La régression modélise une relation continue.","Travail sur réseaux neuronaux simples.","Le NLP analyse et comprend le langage.","BPE.",2026-02-02T15:01:02
sebastien,rolland,10,"Machine learning et prédiction.","Bonne expérience des NN.","Je m’évalue à 16/20.","La tokenisation prépare les données textuelles.","La régression sert à estimer des valeurs.","Réseaux neuronaux appliqués en ML.","Le NLP permet le traitement du texte.","WordPiece.",2026-02-02T15:01:03
amelie,robert,5,"Nettoyage et visualisation de données.","Bases correctes en réseaux neuronaux.","Je me situe à 13/20.","La tokenisation consiste à découper le texte.","La régression prédit une valeur continue.","Peu de projets NN.","Le NLP traite le langage humain.","Tokenisation simple.",2026-02-02T15:01:04
yann,petit,12,"Développement de modèles prédictifs.","Très bonne maîtrise des NN.","Je m’évalue à 17/20.","La tokenisation segmente les phrases.","La régression modélise des tendances.","NN en environnement professionnel.","Le NLP est l’analyse du langage.","SentencePiece.",2026-02-02T15:01:05
laetitia,guillot,7,"Analyse exploratoire de données.","Connaissances intermédiaires NN.","Je me situe à 14/20.","La tokenisation prépare le texte pour le ML.","La régression prédit des résultats numériques.","Réseaux neuronaux utilisés ponctuellement.","Le NLP automatise l’analyse linguistique.","Word-level.",2026-02-02T15:01:06
pierre,delcourt,9,"Data science et modélisation.","Bonne compréhension des NN.","Je m’évalue à 15/20.","La tokenisation transforme le texte en tokens.","La régression explique des relations numériques.","NN utilisés pour classification.","Le NLP analyse le sens des textes.","BPE.",2026-02-02T15:01:07
helene,brunet,6,"Scripts analytiques et reporting.","Bases solides NN.","Je me situe à 14/20.","La tokenisation découpe le texte brut.","La régression sert à la prédiction continue.","Travaux académiques NN.","Le NLP est le traitement du langage.","Tokenisation simple.",2026-02-02T15:01:08
antoine,morin,11,"Déploiement de solutions ML.","Bonne expertise NN.","Je m’évalue à 17/20.","La tokenisation segmente les mots.","La régression modélise les valeurs continues.","Réseaux neuronaux en production.","Le NLP permet compréhension du langage.","SentencePiece.",2026-02-02T15:01:09
melanie,francois,4,"Automatisation de scripts.","Notions de base NN.","Je me situe à 12/20.","La tokenisation découpe le texte.","La régression prédit une valeur.","Peu d’expérience NN.","Le NLP traite le texte.","Word-level.",2026-02-02T15:01:10
olivier,masson,8,"Analyse de données métier.","Connaissances solides NN.","Je m’évalue à 15/20.","La tokenisation prépare les données textuelles.","La régression modélise une relation continue.","Utilisation de NN pour prédictions.","Le NLP analyse le langage naturel.","BPE.",2026-02-02T15:01:11
sophie,lucas,7,"Data visualisation et ML.","Compréhension correcte des NN.","Je me situe à 14/20.","La tokenisation segmente le texte.","La régression sert à estimer des valeurs.","NN simples utilisés.","Le NLP comprend le langage.","Tokenisation simple.",2026-02-02T15:01:12
jeremy,henry,10,"Développement ML.","Bonne maîtrise NN.","Je m’évalue à 16/20.","La tokenisation découpe le texte en unités.","La régression prédit des valeurs continues.","NN pour projets ML.","Le NLP est l’analyse du langage.","WordPiece.",2026-02-02T15:01:13
audrey,legrand,6,"Analyse et préparation de données.","Bases intermédiaires NN.","Je me situe à 14/20.","La tokenisation transforme le texte.","La régression modélise une variable continue.","Projets NN simples.","Le NLP traite le langage humain.","BPE.",2026-02-02T15:01:14
fabien,couturier,9,"Modélisation prédictive.","Bonne compréhension NN.","Je m’évalue à 15/20.","La tokenisation segmente le texte.","La régression prédit des valeurs numériques.","NN utilisés pour prédictions.","Le NLP analyse les textes.","SentencePiece.",2026-02-02T15:01:15
nadia,benoit,5,"Scripts de traitement de données.","Bases NN.","Je me situe à 13/20.","La tokenisation découpe les phrases.","La régression sert à la prédiction.","Peu de pratique NN.","Le NLP automatise le traitement du langage.","Word-level.",2026-02-02T15:01:16
thibault,lefebvre,12,"Architecture ML et data.","Très bonne expertise NN.","Je m’évalue à 18/20.","La tokenisation structure le texte.","La régression modélise des relations continues.","NN en production.","Le NLP permet l’analyse sémantique.","SentencePiece.",2026-02-02T15:01:17
marie,duval,7,"Analyse de données marketing.","Connaissances intermédiaires NN.","Je me situe à 14/20.","La tokenisation prépare le texte.","La régression prédit des indicateurs.","NN pour analyses exploratoires.","Le NLP analyse le langage.","BPE.",2026-02-02T15:01:18
guillaume,pierre,8,"Machine learning appliqué.","Bonne compréhension NN.","Je m’évalue à 15/20.","La tokenisation segmente le texte.","La régression sert à estimer des valeurs.","Réseaux neuronaux simples.","Le NLP comprend le texte.","WordPiece.",2026-02-02T15:01:19
isabelle,maury,6,"Reporting automatisé.","Bases NN.","Je me situe à 13/20.","La tokenisation découpe le texte.","La régression modélise une variable.","Peu d’usage NN.","Le NLP traite le langage.","Tokenisation simple.",2026-02-02T15:01:20
adrien,delmas,15,"Conception d’architectures logicielles et systèmes ML en production.","Expert des réseaux neuronaux profonds, incluant CNN, RNN et transformers.","Je m’évalue à 19/20 en Python avec une forte expertise en performance et architecture.","La tokenisation est un processus fondamental transformant le texte en unités adaptées aux modèles.","La régression modélise précisément les relations continues complexes.","Développement et déploiement de réseaux neuronaux en production.","Le NLP permet l’analyse sémantique avancée du langage humain.","BPE, WordPiece et SentencePiece.",2026-02-02T15:10:01
clotilde,martin,14,"Développement de pipelines ML industriels.","Maîtrise complète des réseaux neuronaux et de leur optimisation.","Mon niveau Python est de 18/20.","La tokenisation segmente le langage en représentations exploitables.","La régression est utilisée pour des prédictions fines et robustes.","Réseaux neuronaux déployés à grande échelle.","Le NLP combine linguistique et deep learning.","SentencePiece.",2026-02-02T15:10:02
sebastien,lemoal,18,"Recherche et développement en intelligence artificielle.","Expert en architectures neuronales avancées.","Je m’évalue à 19/20.","La tokenisation est cruciale pour la performance des modèles NLP.","La régression modélise des phénomènes continus complexes.","Recherche appliquée sur réseaux neuronaux.","Le NLP vise la compréhension profonde du langage.","BPE avancé.",2026-02-02T15:10:03
marianne,rousseau,13,"Systèmes de recommandation et IA.","Très forte expertise en réseaux neuronaux.","Je me situe à 18/20 en Python.","La tokenisation transforme le texte en unités sémantiques.","La régression est utilisée pour l’optimisation prédictive.","NN pour moteurs de recommandation.","Le NLP permet l’extraction de sens contextuel.","WordPiece.",2026-02-02T15:10:04
olivier,faure,16,"Optimisation de modèles ML.","Expert des réseaux neuronaux profonds.","Mon niveau Python est de 19/20.","La tokenisation est une représentation intermédiaire essentielle.","La régression modélise précisément les données numériques.","NN utilisés en environnement critique.","Le NLP automatise la compréhension linguistique.","SentencePiece.",2026-02-02T15:10:05
sandra,peterson,12,"Développement IA embarquée.","Expertise avancée en NN.","Je m’évalue à 18/20.","La tokenisation permet de vectoriser le langage.","La régression prédit des variables continues complexes.","NN pour systèmes embarqués.","Le NLP traite des données textuelles complexes.","BPE.",2026-02-02T15:10:06
vincent,chevalier,17,"Architecture data et ML.","Expert NN et deep learning.","Je me situe à 19/20.","La tokenisation structure le langage pour l’apprentissage.","La régression modélise les tendances numériques.","Réseaux neuronaux en production industrielle.","Le NLP analyse le langage à grande échelle.","SentencePiece.",2026-02-02T15:10:07
elodie,bertrand,14,"Analyse sémantique avancée.","Très forte maîtrise des NN.","Je m’évalue à 18/20.","La tokenisation découpe le texte en unités pertinentes.","La régression est utilisée pour prédictions fines.","NN pour NLP avancé.","Le NLP permet la compréhension contextuelle.","WordPiece.",2026-02-02T15:10:08
maxime,leroux,16,"Développement de plateformes IA.","Expert en réseaux neuronaux modernes.","Je me situe à 19/20.","La tokenisation est une étape critique du NLP.","La régression modélise des phénomènes continus.","NN déployés à grande échelle.","Le NLP permet des interactions homme-machine.","SentencePiece.",2026-02-02T15:10:09
nathalie,gomez,13,"Recherche appliquée en ML.","Expertise solide en NN.","Je m’évalue à 18/20.","La tokenisation prépare le texte pour le deep learning.","La régression permet des estimations précises.","NN pour recherche ML.","Le NLP analyse les structures linguistiques.","BPE.",2026-02-02T15:10:10
julien,perrin,15,"Systèmes intelligents et IA.","Expert NN.","Je me situe à 19/20.","La tokenisation segmente le langage efficacement.","La régression modélise des données continues.","NN pour systèmes intelligents.","Le NLP comprend le langage humain.","SentencePiece.",2026-02-02T15:10:11
isabelle,rodriguez,14,"Traitement automatique du langage.","Expert en réseaux neuronaux NLP.","Je m’évalue à 18/20.","La tokenisation est essentielle pour représenter le texte.","La régression sert à prédire des variables continues.","NN spécialisés en NLP.","Le NLP est le cœur de mes travaux.","WordPiece.",2026-02-02T15:10:12
thomas,nguyen,17,"Optimisation de modèles IA.","Expert deep learning.","Je me situe à 19/20.","La tokenisation améliore la performance des modèles.","La régression modélise des relations complexes.","NN pour IA avancée.","Le NLP analyse le langage à haut niveau.","SentencePiece.",2026-02-02T15:10:13
camille,lopez,13,"Analyse prédictive avancée.","Très bonne expertise NN.","Je m’évalue à 18/20.","La tokenisation transforme le texte en données exploitables.","La régression est un outil clé de prédiction.","NN pour analyse avancée.","Le NLP permet l’analyse sémantique.","BPE.",2026-02-02T15:10:14
patrick,moreau,18,"Recherche et innovation IA.","Expert reconnu en NN.","Je me situe à 20/20.","La tokenisation est une représentation clé du langage.","La régression modélise des phénomènes continus complexes.","NN pour recherche avancée.","Le NLP permet la compréhension profonde du langage.","SentencePiece.",2026-02-02T15:10:15
alexandre,durand,16,"Conception de plateformes ML scalables et APIs de prédiction.","Expert confirmé des réseaux neuronaux profonds et transformers.","Je m’évalue à 19/20 en Python avec une forte expertise en performance et architecture.","La tokenisation est une représentation structurée du langage permettant l’apprentissage profond.","La régression modélise des relations continues complexes avec une forte précision.","Déploiement de modèles NN en production à grande échelle.","Le NLP vise la compréhension contextuelle et sémantique du langage.","BPE, WordPiece, SentencePiece.",2026-02-02T16:00:01
caroline,lefevre,14,"Recherche appliquée en intelligence artificielle.","Très forte maîtrise des architectures neuronales modernes.","Je me situe à 18/20 en Python.","La tokenisation découpe le texte en unités sémantiques exploitables.","La régression est un outil fondamental de modélisation prédictive.","Travail sur réseaux neuronaux pour NLP et vision.","Le NLP permet l’analyse avancée du langage naturel.","SentencePiece.",2026-02-02T16:00:02
mathias,bertrand,18,"Optimisation de modèles deep learning en production.","Expert des réseaux neuronaux et de leur optimisation.","Je m’évalue à 19/20.","La tokenisation transforme le texte en représentations numériques efficaces.","La régression modélise précisément des phénomènes continus.","NN déployés dans des environnements critiques.","Le NLP automatise la compréhension du langage humain.","BPE.",2026-02-02T16:00:03
sophie,renaudin,15,"Développement de systèmes de recommandation.","Expertise avancée en réseaux neuronaux.","Je me situe à 18/20 en Python.","La tokenisation est une étape clé du traitement du langage.","La régression sert à prédire des valeurs continues complexes.","Réseaux neuronaux pour scoring et recommandation.","Le NLP analyse le sens et le contexte.","WordPiece.",2026-02-02T16:00:04
julien,marchand,17,"Architecture data et IA.","Expert deep learning et NLP.","Je m’évalue à 19/20.","La tokenisation segmente le texte pour maximiser la performance des modèles.","La régression modélise des relations non linéaires.","NN utilisés en production industrielle.","Le NLP permet des systèmes conversationnels avancés.","SentencePiece.",2026-02-02T16:00:05
emilie,picard,13,"Analyse sémantique et classification de texte.","Très bonne maîtrise des réseaux neuronaux NLP.","Je me situe à 18/20.","La tokenisation structure le langage pour les modèles statistiques.","La régression permet l’estimation continue de variables.","NN spécialisés en NLP.","Le NLP est le cœur de mes projets.","BPE.",2026-02-02T16:00:06
nicolas,vaillant,19,"Recherche et développement en intelligence artificielle.","Expert reconnu en réseaux neuronaux profonds.","Je m’évalue à 20/20 en Python.","La tokenisation est une abstraction essentielle du langage.","La régression est utilisée pour modéliser des systèmes complexes.","NN pour recherche et innovation.","Le NLP vise une compréhension profonde du langage.","SentencePiece.",2026-02-02T16:00:07
laurent,guichard,16,"Déploiement de solutions IA industrielles.","Expert des architectures neuronales.","Je me situe à 19/20.","La tokenisation permet de transformer le texte en données exploitables.","La régression modélise finement les tendances numériques.","NN déployés à grande échelle.","Le NLP automatise l’analyse linguistique.","WordPiece.",2026-02-02T16:00:08
helene,bonnet,14,"Développement de produits IA.","Expertise solide en réseaux neuronaux.","Je m’évalue à 18/20.","La tokenisation découpe le texte en unités pertinentes.","La régression sert à la prédiction continue.","NN intégrés dans des produits.","Le NLP améliore l’interaction homme-machine.","BPE.",2026-02-02T16:00:09
antoine,lebrun,17,"Optimisation de pipelines ML.","Expert deep learning.","Je me situe à 19/20.","La tokenisation est une étape critique pour le NLP.","La régression modélise des phénomènes complexes.","NN en production cloud.","Le NLP traite le langage à grande échelle.","SentencePiece.",2026-02-02T16:00:10
francois,delorme,18,"Conception et industrialisation de modèles IA.","Expert des réseaux neuronaux profonds et transformers.","Je m’évalue à 19/20 en Python avec une forte maîtrise des performances.","La tokenisation est une représentation optimisée du langage pour les modèles NLP.","La régression permet de modéliser des phénomènes continus complexes.","Déploiement de NN en production à grande échelle.","Le NLP vise la compréhension sémantique avancée.","BPE, SentencePiece.",2026-02-02T16:10:01
marie,collin,15,"Recherche appliquée en NLP.","Très forte expertise en réseaux neuronaux pour le texte.","Je me situe à 18/20 en Python.","La tokenisation segmente le texte en unités sémantiques pertinentes.","La régression est utilisée pour des prédictions numériques fines.","NN spécialisés en NLP.","Le NLP permet l’analyse contextuelle du langage.","WordPiece.",2026-02-02T16:10:02
benjamin,roux,17,"Optimisation de modèles deep learning.","Expert en architectures neuronales modernes.","Je m’évalue à 19/20.","La tokenisation transforme le langage en données exploitables.","La régression modélise des relations continues non linéaires.","NN utilisés en production cloud.","Le NLP automatise la compréhension du langage.","SentencePiece.",2026-02-02T16:10:03
laura,meunier,14,"Développement de solutions IA métier.","Très bonne maîtrise des réseaux neuronaux.","Je me situe à 18/20.","La tokenisation est une étape clé du traitement du texte.","La régression permet d’estimer des valeurs continues.","NN intégrés à des applications métier.","Le NLP analyse et structure le langage.","BPE.",2026-02-02T16:10:04
hugo,blanc,16,"Architecture ML et data.","Expert deep learning.","Je m’évalue à 19/20 en Python.","La tokenisation structure le langage pour l’apprentissage automatique.","La régression modélise précisément les tendances.","NN déployés en production industrielle.","Le NLP permet l’analyse linguistique avancée.","SentencePiece.",2026-02-02T16:10:05
celine,bertin,13,"Analyse prédictive avancée.","Expertise confirmée en réseaux neuronaux.","Je me situe à 18/20.","La tokenisation découpe le texte en unités exploitables.","La régression est un outil clé de modélisation.","NN pour analyse prédictive.","Le NLP comprend le langage naturel.","WordPiece.",2026-02-02T16:10:06
julien,adam,19,"Recherche et innovation en intelligence artificielle.","Expert reconnu en réseaux neuronaux profonds.","Je m’évalue à 20/20 en Python.","La tokenisation est une abstraction essentielle du langage.","La régression modélise des systèmes complexes.","NN pour recherche avancée.","Le NLP vise une compréhension profonde du langage.","SentencePiece.",2026-02-02T16:10:07
pauline,gauthier,15,"Déploiement de solutions NLP.","Expertise avancée en NN et NLP.","Je me situe à 18/20.","La tokenisation prépare le texte pour le deep learning.","La régression permet des prédictions continues robustes.","NN pour applications NLP.","Le NLP est au cœur de mes projets.","BPE.",2026-02-02T16:10:08
remi,loiseau,17,"Optimisation de pipelines ML.","Expert deep learning et MLOps.","Je m’évalue à 19/20.","La tokenisation segmente le texte efficacement.","La régression modélise des relations complexes.","NN en production cloud.","Le NLP analyse le langage à grande échelle.","SentencePiece.",2026-02-02T16:10:09
isabelle,pelletier,14,"Traitement automatique du langage.","Très forte expertise en NLP.","Je me situe à 18/20.","La tokenisation transforme le texte en unités sémantiques.","La régression sert à la prédiction numérique.","NN spécialisés NLP.","Le NLP est l’analyse du langage humain.","WordPiece.",2026-02-02T16:10:10
lionel,perrot,16,"Systèmes intelligents et IA.","Expert en réseaux neuronaux.","Je m’évalue à 19/20.","La tokenisation est critique pour les performances NLP.","La régression modélise des phénomènes continus.","NN pour systèmes intelligents.","Le NLP permet des systèmes conversationnels.","SentencePiece.",2026-02-02T16:10:11
aurelie,millet,13,"Analyse sémantique avancée.","Très bonne maîtrise des NN.","Je me situe à 18/20.","La tokenisation segmente le texte brut.","La régression permet l’estimation continue.","NN pour analyse sémantique.","Le NLP comprend le sens du texte.","BPE.",2026-02-02T16:10:12
damien,baron,18,"Architecture IA et ML.","Expert confirmé en deep learning.","Je m’évalue à 19/20.","La tokenisation structure le langage pour l’IA.","La régression modélise précisément les données.","NN déployés à grande échelle.","Le NLP automatise l’analyse linguistique.","SentencePiece.",2026-02-02T16:10:13
manon,leclercq,14,"Développement de produits NLP.","Expertise solide en réseaux neuronaux.","Je me situe à 18/20.","La tokenisation découpe le texte en tokens pertinents.","La régression prédit des valeurs continues.","NN intégrés dans des produits.","Le NLP améliore l’expérience utilisateur.","WordPiece.",2026-02-02T16:10:14
eric,fontaine,17,"Recherche ML et IA.","Expert deep learning.","Je m’évalue à 19/20.","La tokenisation est une étape fondamentale du NLP.","La régression modélise des relations complexes.","NN pour recherche avancée.","Le NLP vise la compréhension du langage.","SentencePiece.",2026-02-02T16:10:15
matt,dert,22,"I use Python for data cleaning and preprocessing, data visualization and dashboards, building ETL pipelines and API development","Yes, I work with neural networks and deep learning for classification algorithms and supervised learning",19,"tokenization is text preprocessing that splits text into tokens, used with word embeddings and vector representations for NLP","Regression models for prediction, supervised learning, with model evaluation and validation, feature engineering and selection","I train neural networks and deep learning models with model training and optimization, ensemble methods and boosting","NLP involves semantic analysis and text understanding, text classification and sentiment analysis, transformers and attention mechanisms, language models and text generation","I use tokenization and text preprocessing with word embeddings, named entity recognition and information extraction",2026-02-03T14:01:30.349135
expert1,martin,18,"Data cleaning and preprocessing, data visualization and dashboards, Python programming for data analysis, API development and integration, ETL pipelines and data engineering","Neural networks and deep learning, classification algorithms and supervised learning, transformers and attention mechanisms",19,"Tokenization and text preprocessing, word embeddings and vector representations","Regression models and prediction, model evaluation and validation, feature engineering and selection","Neural networks and deep learning, model training and optimization, ensemble methods and boosting","Semantic analysis and text understanding, text classification and sentiment analysis, language models and text generation","Tokenization and text preprocessing, named entity recognition and information extraction",2026-02-03T15:00:01
expert2,dupont,17,"Data wrangling and transformation, exploratory data analysis, statistical analysis and hypothesis testing, automation and scripting, deployment and production systems","Classification algorithms and supervised learning, neural networks and deep learning, word embeddings and vector representations",18,"Word embeddings and vector representations, tokenization and text preprocessing","Model training and optimization, regression models and prediction, model evaluation and validation","Model training and optimization, neural networks and deep learning, transformers and attention mechanisms","Transformers and attention mechanisms, semantic analysis and text understanding, text classification and sentiment analysis","Word embeddings and vector representations, language models and text generation",2026-02-03T15:00:02
expert3,bernard,19,"Python programming for data analysis, data cleaning and preprocessing, reporting and business intelligence, CI/CD and version control, software architecture and design patterns","Neural networks and deep learning, model evaluation and validation, semantic analysis and text understanding",20,"Tokenization and text preprocessing, transformers and attention mechanisms","Regression models and prediction, feature engineering and selection, ensemble methods and boosting","Classification algorithms and supervised learning, neural networks and deep learning, model training and optimization","Language models and text generation, named entity recognition and information extraction, semantic analysis and text understanding","Tokenization and text preprocessing, word embeddings and vector representations",2026-02-03T15:00:03
expert4,leroy,16,"Data visualization and dashboards, statistical analysis and hypothesis testing, exploratory data analysis, testing and quality assurance, API development and integration","Model training and optimization, neural networks and deep learning, text classification and sentiment analysis",18,"Semantic analysis and text understanding, tokenization and text preprocessing","Model evaluation and validation, regression models and prediction, feature engineering and selection","Neural networks and deep learning, ensemble methods and boosting, model training and optimization","Text classification and sentiment analysis, transformers and attention mechanisms, word embeddings and vector representations","Named entity recognition and information extraction, tokenization and text preprocessing",2026-02-03T15:00:04
expert5,moreau,20,"Data cleaning and preprocessing, data wrangling and transformation, Python programming for data analysis, ETL pipelines and data engineering, automation and scripting","Neural networks and deep learning, classification algorithms and supervised learning, language models and text generation",19,"Tokenization and text preprocessing, word embeddings and vector representations, transformers and attention mechanisms","Regression models and prediction, model training and optimization, model evaluation and validation","Neural networks and deep learning, feature engineering and selection, classification algorithms and supervised learning","Semantic analysis and text understanding, named entity recognition and information extraction, language models and text generation","Tokenization and text preprocessing, word embeddings and vector representations, text classification and sentiment analysis",2026-02-03T15:00:05
expert6,petit,18,"Exploratory data analysis, reporting and business intelligence, data visualization and dashboards, deployment and production systems, CI/CD and version control","Classification algorithms and supervised learning, model evaluation and validation, transformers and attention mechanisms",19,"Word embeddings and vector representations, semantic analysis and text understanding","Feature engineering and selection, regression models and prediction, ensemble methods and boosting","Model training and optimization, neural networks and deep learning, classification algorithms and supervised learning","Transformers and attention mechanisms, text classification and sentiment analysis, semantic analysis and text understanding","Language models and text generation, tokenization and text preprocessing",2026-02-03T15:00:06
expert7,roux,17,"Statistical analysis and hypothesis testing, data cleaning and preprocessing, Python programming for data analysis, software architecture and design patterns, testing and quality assurance","Neural networks and deep learning, ensemble methods and boosting, word embeddings and vector representations",18,"Tokenization and text preprocessing, named entity recognition and information extraction","Regression models and prediction, model evaluation and validation, model training and optimization","Neural networks and deep learning, feature engineering and selection, ensemble methods and boosting","Language models and text generation, semantic analysis and text understanding, text classification and sentiment analysis","Tokenization and text preprocessing, transformers and attention mechanisms",2026-02-03T15:00:07
expert8,fournier,19,"Data wrangling and transformation, data visualization and dashboards, exploratory data analysis, API development and integration, ETL pipelines and data engineering","Model training and optimization, neural networks and deep learning, semantic analysis and text understanding",20,"Transformers and attention mechanisms, tokenization and text preprocessing","Model evaluation and validation, feature engineering and selection, regression models and prediction","Classification algorithms and supervised learning, neural networks and deep learning, model training and optimization","Named entity recognition and information extraction, word embeddings and vector representations, language models and text generation","Word embeddings and vector representations, tokenization and text preprocessing",2026-02-03T15:00:08
expert9,girard,16,"Python programming for data analysis, statistical analysis and hypothesis testing, reporting and business intelligence, automation and scripting, deployment and production systems","Neural networks and deep learning, classification algorithms and supervised learning, text classification and sentiment analysis",18,"Semantic analysis and text understanding, word embeddings and vector representations","Regression models and prediction, ensemble methods and boosting, model training and optimization","Neural networks and deep learning, model evaluation and validation, feature engineering and selection","Transformers and attention mechanisms, semantic analysis and text understanding, named entity recognition and information extraction","Tokenization and text preprocessing, language models and text generation",2026-02-03T15:00:09
expert10,bonnet,20,"Data cleaning and preprocessing, exploratory data analysis, data wrangling and transformation, CI/CD and version control, software architecture and design patterns","Model evaluation and validation, neural networks and deep learning, language models and text generation",19,"Tokenization and text preprocessing, transformers and attention mechanisms, word embeddings and vector representations","Feature engineering and selection, regression models and prediction, model evaluation and validation","Model training and optimization, neural networks and deep learning, ensemble methods and boosting","Text classification and sentiment analysis, semantic analysis and text understanding, language models and text generation","Named entity recognition and information extraction, word embeddings and vector representations",2026-02-03T15:00:10
expert11,lambert,18,"Data visualization and dashboards, Python programming for data analysis, statistical analysis and hypothesis testing, testing and quality assurance, API development and integration","Classification algorithms and supervised learning, neural networks and deep learning, transformers and attention mechanisms",19,"Word embeddings and vector representations, tokenization and text preprocessing, semantic analysis and text understanding","Regression models and prediction, model training and optimization, feature engineering and selection","Neural networks and deep learning, classification algorithms and supervised learning, model evaluation and validation","Language models and text generation, transformers and attention mechanisms, text classification and sentiment analysis","Tokenization and text preprocessing, named entity recognition and information extraction",2026-02-03T15:00:11
expert12,fontaine,17,"Reporting and business intelligence, data wrangling and transformation, exploratory data analysis, ETL pipelines and data engineering, automation and scripting","Neural networks and deep learning, model training and optimization, word embeddings and vector representations",18,"Tokenization and text preprocessing, language models and text generation","Model evaluation and validation, regression models and prediction, ensemble methods and boosting","Feature engineering and selection, neural networks and deep learning, model training and optimization","Semantic analysis and text understanding, named entity recognition and information extraction, transformers and attention mechanisms","Word embeddings and vector representations, text classification and sentiment analysis",2026-02-03T15:00:12
expert13,rousseau,19,"Data cleaning and preprocessing, statistical analysis and hypothesis testing, Python programming for data analysis, deployment and production systems, CI/CD and version control","Model evaluation and validation, classification algorithms and supervised learning, semantic analysis and text understanding",20,"Transformers and attention mechanisms, tokenization and text preprocessing, word embeddings and vector representations","Regression models and prediction, feature engineering and selection, model training and optimization","Neural networks and deep learning, ensemble methods and boosting, classification algorithms and supervised learning","Text classification and sentiment analysis, language models and text generation, semantic analysis and text understanding","Tokenization and text preprocessing, named entity recognition and information extraction",2026-02-03T15:00:13
expert14,blanc,16,"Exploratory data analysis, data visualization and dashboards, data wrangling and transformation, software architecture and design patterns, testing and quality assurance","Neural networks and deep learning, ensemble methods and boosting, text classification and sentiment analysis",18,"Semantic analysis and text understanding, tokenization and text preprocessing, transformers and attention mechanisms","Model training and optimization, model evaluation and validation, regression models and prediction","Model training and optimization, neural networks and deep learning, feature engineering and selection","Named entity recognition and information extraction, word embeddings and vector representations, text classification and sentiment analysis","Language models and text generation, tokenization and text preprocessing",2026-02-03T15:00:14
expert15,guerin,20,"Python programming for data analysis, reporting and business intelligence, data cleaning and preprocessing, API development and integration, ETL pipelines and data engineering","Classification algorithms and supervised learning, neural networks and deep learning, language models and text generation",19,"Tokenization and text preprocessing, word embeddings and vector representations, named entity recognition and information extraction","Feature engineering and selection, regression models and prediction, ensemble methods and boosting","Neural networks and deep learning, model evaluation and validation, model training and optimization","Transformers and attention mechanisms, semantic analysis and text understanding, language models and text generation","Word embeddings and vector representations, text classification and sentiment analysis",2026-02-03T15:00:15
expert16,faure,18,"Statistical analysis and hypothesis testing, exploratory data analysis, data visualization and dashboards, automation and scripting, deployment and production systems","Neural networks and deep learning, model training and optimization, transformers and attention mechanisms",19,"Word embeddings and vector representations, semantic analysis and text understanding, tokenization and text preprocessing","Regression models and prediction, model evaluation and validation, feature engineering and selection","Classification algorithms and supervised learning, neural networks and deep learning, ensemble methods and boosting","Language models and text generation, text classification and sentiment analysis, named entity recognition and information extraction","Tokenization and text preprocessing, transformers and attention mechanisms",2026-02-03T15:00:16
expert17,mercier,17,"Data wrangling and transformation, Python programming for data analysis, reporting and business intelligence, CI/CD and version control, software architecture and design patterns","Model evaluation and validation, neural networks and deep learning, word embeddings and vector representations",18,"Tokenization and text preprocessing, transformers and attention mechanisms, language models and text generation","Model training and optimization, regression models and prediction, model evaluation and validation","Neural networks and deep learning, feature engineering and selection, model training and optimization","Semantic analysis and text understanding, transformers and attention mechanisms, text classification and sentiment analysis","Named entity recognition and information extraction, word embeddings and vector representations",2026-02-03T15:00:17
expert18,lefevre,19,"Data cleaning and preprocessing, data visualization and dashboards, statistical analysis and hypothesis testing, testing and quality assurance, API development and integration","Neural networks and deep learning, classification algorithms and supervised learning, semantic analysis and text understanding",20,"Semantic analysis and text understanding, word embeddings and vector representations, tokenization and text preprocessing","Regression models and prediction, feature engineering and selection, ensemble methods and boosting","Model evaluation and validation, neural networks and deep learning, classification algorithms and supervised learning","Named entity recognition and information extraction, language models and text generation, transformers and attention mechanisms","Tokenization and text preprocessing, text classification and sentiment analysis",2026-02-03T15:00:18
expert19,garcia,16,"Exploratory data analysis, data wrangling and transformation, Python programming for data analysis, ETL pipelines and data engineering, automation and scripting","Classification algorithms and supervised learning, model training and optimization, text classification and sentiment analysis",18,"Tokenization and text preprocessing, named entity recognition and information extraction, word embeddings and vector representations","Model evaluation and validation, model training and optimization, regression models and prediction","Neural networks and deep learning, ensemble methods and boosting, feature engineering and selection","Text classification and sentiment analysis, semantic analysis and text understanding, word embeddings and vector representations","Transformers and attention mechanisms, language models and text generation",2026-02-03T15:00:19
thomas,martinez,4,"Analyse de données, automatisation de rapports et développement de modèles prédictifs.","Oui, je suis à l’aise avec les réseaux de neurones et leurs mécanismes principaux, notamment l’apprentissage supervisé et non supervisé.",Je situe mon niveau Python à 16/20 grâce à une pratique régulière en data science et scripting,La tokenisation consiste à découper un texte en unités exploitables par un algorithme.,La régression permet de prédire une valeur continue à partir de variables explicatives.,J’ai travaillé sur des réseaux de neurones simples pour la prédiction de séries temporelles.,Le NLP permet aux machines de comprendre et traiter le langage humain.,J’ai utilisé BPE et tokenisation par mots.,2026-02-03T15:32:18.280790
